url_path,views_total,views_unique
/spatialmodel/inmap,63,32
/spatialmodel/inmap/releases,57,14
/spatialmodel/inmap/blob/master/eval/nei2005Config.toml,21,3
/spatialmodel/inmap/blob/master/website/static/blog/2019-04-20-sr/sr_util.py,17,5
/spatialmodel/inmap/blob/master/sr/sr_test.go,14,1
/spatialmodel/inmap/tree/master/cmd/inmap,12,4
/spatialmodel/inmap/blob/4b8b6f6d3d6945a23fc3ce9ba2743e1fa3077f14/emissions/slca/eieio/server.go,10,1
/spatialmodel/inmap/tree/master/.github,8,3
/spatialmodel/inmap/releases/tag/v1.9.0,7,5
/spatialmodel/inmap/blob/master/docs/emissions.md,7,3
